,Silhouette_Score,dbi,ari
0,0.7455869,0.3300987080036049,0.741606817794597
